{
  "project_info": {
    "notebook": "01_Traditional_ML_Pipeline.ipynb",
    "dataset": "GoEmotions",
    "task": "Multi-label Emotion Classification",
    "completion_time": "2025-08-31T22:02:04.157681"
  },
  "dataset_statistics": {
    "total_samples": 203147,
    "train_samples": 142202,
    "val_samples": 30472,
    "test_samples": 30473,
    "num_emotions": 28,
    "num_features": 17056
  },
  "model_performance": {
    "Logistic Regression": {
      "validation_metrics": {
        "f1_macro": 0.272889620251643,
        "f1_micro": 0.30923489010098126,
        "precision_macro": 0.18353784459668815,
        "recall_macro": 0.5961781814434562,
        "hamming_loss": 0.12483005475752916
      },
      "training_time_seconds": 39.878212
    },
    "Linear SVM": {
      "validation_metrics": {
        "f1_macro": 0.2706982977345153,
        "f1_micro": 0.3066852349811643,
        "precision_macro": 0.1819631166326954,
        "recall_macro": 0.5932059196963912,
        "hamming_loss": 0.12661858193001538
      },
      "training_time_seconds": 83.71146
    },
    "Multinomial NB": {
      "validation_metrics": {
        "f1_macro": 0.3044080695159001,
        "f1_micro": 0.3532609313697618,
        "precision_macro": 0.25490549554574404,
        "recall_macro": 0.3934987700360022,
        "hamming_loss": 0.06665486816937329
      },
      "training_time_seconds": 0.739356
    },
    "Complement NB": {
      "validation_metrics": {
        "f1_macro": 0.25608196694954877,
        "f1_micro": 0.3118177711062856,
        "precision_macro": 0.19252311526820212,
        "recall_macro": 0.4665177661267873,
        "hamming_loss": 0.11068943854780032
      },
      "training_time_seconds": 0.707492
    },
    "SGD Classifier": {
      "validation_metrics": {
        "f1_macro": 0.2573603119257052,
        "f1_micro": 0.2916180317369105,
        "precision_macro": 0.169986874697401,
        "recall_macro": 0.6127005488444184,
        "hamming_loss": 0.13870227468776958
      },
      "training_time_seconds": 14.072619
    },
    "Random Forest": {
      "validation_metrics": {
        "f1_macro": 0.2174310748687446,
        "f1_micro": 0.21978338829720134,
        "precision_macro": 0.2853135335718893,
        "recall_macro": 0.19065230795652835,
        "hamming_loss": 0.050743305329482805
      },
      "training_time_seconds": 365.913729
    }
  },
  "best_model": {
    "name": "Multinomial NB",
    "test_performance": {
      "f1_macro": 0.30805183464284586,
      "f1_micro": 0.35893174263467054,
      "precision_macro": 0.25838468155415045,
      "recall_macro": 0.39638942919608466,
      "hamming_loss": 0.06599987811223988
    }
  },
  "challenging_emotions": [
    "desire",
    "disgust",
    "caring",
    "disapproval",
    "annoyance",
    "confusion",
    "excitement",
    "curiosity",
    "approval",
    "disappointment",
    "embarrassment",
    "realization",
    "nervousness",
    "relief",
    "grief",
    "pride"
  ],
  "file_locations": {
    "models": "C:\\Users\\isaac\\OneDrive\\Desktop\\GoEmotions_NLP_Project\\models\\traditional_ml",
    "results": "C:\\Users\\isaac\\OneDrive\\Desktop\\GoEmotions_NLP_Project\\results\\traditional_ml_results",
    "visualizations": [
      "model_comparison.png",
      "emotion_performance.png",
      "error_analysis.png"
    ]
  }
}